community,zone
Al Barsha,Al Barsha
Al Barsha South,Al Barsha
Al Furjan,Al Furjan
Al Mamzar,Al Mamzar
Al Nahda,Al Nahda
Al Qusais,Al Qusais
Al Reem,Arabian Ranches
Al Warqa,Al Warqa
Arabian Ranches,Arabian Ranches
Arabian Ranches 2,Arabian Ranches
Arabian Ranches 3,Arabian Ranches
Azizi Riviera,MBR City
Bluewaters Island,Dubai Marina
Bukadra,Bukadra
Bulgari Resort,Jumeirah Bay
Bur Dubai,Bur Dubai
Business Bay,Business Bay
City Walk,Al Wasl
DAMAC Lagoons,Damac
DIFC,DIFC
Damac Hills,Damac Hills
Damac Hills 2,Damac Hills
Deira,Deira
Discovery Gardens,Discovery Gardens
Downtown Dubai,Downtown
Dubai Creek Harbour,Creek
Dubai Festival City,Festival City
Dubai Harbour,Dubai Marina
Dubai Hills Estate,Mohammed Bin Rashid
Dubai Investment Park,DIP
Dubai Islands,Deira Islands
Dubai Marina,Dubai Marina
Dubai Production City,IMPZ
Dubai Silicon Oasis,Dubai Silicon Oasis
Dubai South,Dubai South
Dubai Sports City,Dubai Sports City
Dubai Studio City,Dubai Studio City
Dubailand,Dubailand
Emirates Hills,Emirates Hills
Expo City,Dubai South
Falcon City of Wonders,Dubailand
Green Community,DIP
International City,International City
Jebel Ali,Jebel Ali
Jumeirah 1,Jumeirah
Jumeirah 2,Jumeirah
Jumeirah 3,Jumeirah
Jumeirah Bay Island,Jumeirah
Jumeirah Beach Residence,Dubai Marina
Jumeirah Golf Estates,JGE
Jumeirah Islands,Emirates Living
Jumeirah Lake Towers,JLT
Jumeirah Park,Emirates Living
Jumeirah Village Circle,JVC
Jumeirah Village Triangle,JVT
Karama,Bur Dubai
La Mer,Jumeirah
Living Legends,Dubailand
Liwan,Dubailand
Madinat Jumeirah Living,Jumeirah
Majan,Dubailand
Maritime City,Maritime City
Meydan,Meydan
Mira,Reem
Mirdif,Mirdif
Mohammed Bin Rashid City,Mohammed Bin Rashid
Motor City,Motor City
Mudon,Dubailand
Palm Jumeirah,Palm Jumeirah
Pearl Jumeira,Jumeirah
Reem Mira,Reem
Remraam,Dubailand
Sobha Hartland,MBR City
Sustainable City,Sustainable City
The Greens,The Greens
The Lakes,Emirates Living
The Meadows,Emirates Living
The Springs,Emirates Living
The Valley,Dubai-Al Ain Road
The Views,The Greens
Tilal Al Ghaf,Tilal Al Ghaf
Town Square,Nshama
Umm Suqeim,Jumeirah
World Islands,World Islands
